{"count":1,"gauges":{},"self":416.4690176,"total":418.89166109999996,"children":{"AgentResetIfDone":{"count":20923,"self":0.0380738,"total":0.0380738,"children":null},"AgentSendState":{"count":20923,"self":0.0262669,"total":0.0311778,"children":{"CollectObservations":{"count":2093,"self":0.0049109,"total":0.0049109,"children":null}}},"DecideAction":{"count":20923,"self":2.286482,"total":2.286482,"children":null},"AcademyStep":{"count":20923,"self":0.0086074999999999988,"total":0.0086074999999999988,"children":null},"AgentAct":{"count":20923,"self":0.057332299999999996,"total":0.057332299999999996,"children":null}}}